{
    "config": "DI1000-425.01011752663015s-1_A200",
    "num_vars": 60,
    "num_qubit": 60,
    "time_elapsed": 0.08450007438659668,
    "best_state": {
        "sample": [
            1,
            1,
            0,
            0,
            0,
            1,
            0,
            0,
            0,
            0,
            0,
            0,
            0,
            0,
            0,
            0,
            0,
            0,
            0,
            1,
            0,
            0,
            0,
            0,
            0,
            0,
            0,
            1,
            0,
            0,
            0,
            0,
            1,
            1,
            1,
            0,
            0,
            0,
            0,
            0,
            1,
            1,
            0,
            0,
            1,
            0,
            0,
            0,
            0,
            0,
            0,
            0,
            0,
            0,
            0,
            0,
            0,
            0,
            1,
            0
        ],
        "energy": -120516.0,
        "chain_break_fraction": 0.0
    },
    "chain_strength_prefactor": 0.25,
    "chain_strength": 425.01011752663015,
    "max_chain_length": 1,
    "timing_info": {
        "qpu_sampling_time": 359200.0,
        "qpu_anneal_time_per_sample": 200.0,
        "qpu_readout_time_per_sample": 138.62,
        "qpu_access_time": 374959.97,
        "qpu_access_overhead_time": 1399.03,
        "qpu_programming_time": 15759.97,
        "qpu_delay_time_per_sample": 20.58,
        "post_processing_overhead_time": 1.0,
        "total_post_processing_time": 1.0
    },
    "embedding_info": {
        "embedding": {
            "6": [
                3029
            ],
            "30": [
                2715
            ],
            "31": [
                2730
            ],
            "32": [
                2700
            ],
            "7": [
                5304
            ],
            "34": [
                5305
            ],
            "35": [
                5289
            ],
            "36": [
                1707
            ],
            "8": [
                831
            ],
            "38": [
                4144
            ],
            "39": [
                830
            ],
            "40": [
                4234
            ],
            "9": [
                1034
            ],
            "42": [
                5600
            ],
            "43": [
                5554
            ],
            "44": [
                1033
            ],
            "10": [
                3508
            ],
            "46": [
                3509
            ],
            "47": [
                3493
            ],
            "48": [
                3507
            ],
            "11": [
                3825
            ],
            "49": [
                215
            ],
            "50": [
                200
            ],
            "51": [
                3810
            ],
            "12": [
                1025
            ],
            "55": [
                3995
            ],
            "56": [
                4040
            ],
            "57": [
                3904
            ],
            "13": [
                2466
            ],
            "59": [
                4198
            ],
            "60": [
                4078
            ],
            "61": [
                4107
            ],
            "14": [
                1896
            ],
            "63": [
                1895
            ],
            "64": [
                1897
            ],
            "65": [
                4150
            ],
            "15": [
                5659
            ],
            "16": [
                1620
            ],
            "17": [
                5171
            ],
            "18": [
                871
            ],
            "19": [
                635
            ],
            "20": [
                728
            ],
            "21": [
                659
            ],
            "22": [
                3418
            ],
            "23": [
                125
            ],
            "24": [
                3754
            ],
            "25": [
                1944
            ],
            "26": [
                961
            ],
            "27": [
                4806
            ],
            "28": [
                2529
            ],
            "29": [
                4800
            ],
            "33": [
                1059
            ],
            "37": [
                1219
            ],
            "41": [
                1195
            ],
            "45": [
                5699
            ],
            "52": [
                2671
            ],
            "53": [
                2331
            ],
            "54": [
                2123
            ],
            "58": [
                4716
            ],
            "62": [
                3101
            ]
        },
        "chain_break_method": "majority_vote",
        "embedding_parameters": {},
        "chain_strength": 425.01011752663015
    }
}