{
    "config": "DI1000-212.97762010752834s-1_A200",
    "num_vars": 15,
    "num_qubit": 19,
    "time_elapsed": 0.02756023406982422,
    "best_state": {
        "sample": [
            1,
            1,
            0,
            1,
            0,
            0,
            0,
            0,
            0,
            0,
            1,
            1,
            0,
            0,
            0
        ],
        "energy": -3460.0,
        "chain_break_fraction": 0.06666666666666667
    },
    "chain_strength_prefactor": 0.25,
    "chain_strength": 212.97762010752834,
    "max_chain_length": 2,
    "timing_info": {
        "qpu_sampling_time": 261800.0,
        "qpu_anneal_time_per_sample": 200.0,
        "qpu_readout_time_per_sample": 41.22,
        "qpu_access_time": 277727.17,
        "qpu_access_overhead_time": 1736.83,
        "qpu_programming_time": 15927.17,
        "qpu_delay_time_per_sample": 20.58,
        "post_processing_overhead_time": 1.0,
        "total_post_processing_time": 1.0
    },
    "embedding_info": {
        "embedding": {
            "3": [
                3856,
                349
            ],
            "2": [
                439,
                3796
            ],
            "0": [
                3781,
                304
            ],
            "4": [
                3826
            ],
            "1": [
                3750,
                3751
            ],
            "5": [
                3766
            ],
            "6": [
                394
            ],
            "7": [
                334
            ],
            "9": [
                3765
            ],
            "8": [
                274
            ],
            "10": [
                3811
            ],
            "11": [
                3841
            ],
            "12": [
                424
            ],
            "13": [
                289
            ],
            "14": [
                319
            ]
        },
        "chain_break_method": "majority_vote",
        "embedding_parameters": {},
        "chain_strength": 212.97762010752834
    }
}