{
    "config": "DI1000-258.6529205969523s-1_A200",
    "num_vars": 54,
    "num_qubit": 54,
    "time_elapsed": 0.060597896575927734,
    "best_state": {
        "sample": [
            0,
            0,
            0,
            0,
            0,
            0,
            0,
            0,
            0,
            0,
            1,
            0,
            0,
            0,
            0,
            0,
            0,
            0,
            0,
            0,
            0,
            0,
            0,
            1,
            0,
            0,
            1,
            0,
            0,
            0,
            0,
            0,
            1,
            1,
            0,
            0,
            1,
            0,
            0,
            0,
            0,
            0,
            0,
            0,
            0,
            0,
            0,
            0,
            0,
            0,
            0,
            0,
            0,
            0
        ],
        "energy": -95428.0,
        "chain_break_fraction": 0.0
    },
    "chain_strength_prefactor": 0.25,
    "chain_strength": 258.6529205969523,
    "max_chain_length": 1,
    "timing_info": {
        "qpu_sampling_time": 345160.0,
        "qpu_anneal_time_per_sample": 200.0,
        "qpu_readout_time_per_sample": 124.58,
        "qpu_access_time": 360920.77,
        "qpu_access_overhead_time": 1364.23,
        "qpu_programming_time": 15760.77,
        "qpu_delay_time_per_sample": 20.58,
        "post_processing_overhead_time": 156.0,
        "total_post_processing_time": 156.0
    },
    "embedding_info": {
        "embedding": {
            "21": [
                3198
            ],
            "22": [
                795
            ],
            "25": [
                1085
            ],
            "26": [
                3920
            ],
            "29": [
                5158
            ],
            "30": [
                2411
            ],
            "33": [
                5104
            ],
            "34": [
                881
            ],
            "37": [
                1853
            ],
            "38": [
                4464
            ],
            "41": [
                571
            ],
            "42": [
                586
            ],
            "48": [
                3128
            ],
            "49": [
                1575
            ],
            "52": [
                3880
            ],
            "53": [
                3895
            ],
            "56": [
                3853
            ],
            "57": [
                2390
            ],
            "6": [
                3886
            ],
            "7": [
                4759
            ],
            "8": [
                695
            ],
            "9": [
                899
            ],
            "10": [
                5076
            ],
            "11": [
                2434
            ],
            "12": [
                2942
            ],
            "13": [
                3928
            ],
            "14": [
                272
            ],
            "15": [
                5143
            ],
            "16": [
                4841
            ],
            "17": [
                674
            ],
            "18": [
                4797
            ],
            "19": [
                5627
            ],
            "20": [
                2767
            ],
            "23": [
                3471
            ],
            "24": [
                5717
            ],
            "27": [
                1747
            ],
            "28": [
                676
            ],
            "31": [
                4336
            ],
            "32": [
                2959
            ],
            "35": [
                3466
            ],
            "36": [
                1362
            ],
            "39": [
                4442
            ],
            "40": [
                1567
            ],
            "43": [
                2964
            ],
            "44": [
                3215
            ],
            "45": [
                1992
            ],
            "46": [
                3261
            ],
            "47": [
                3767
            ],
            "50": [
                5450
            ],
            "51": [
                5038
            ],
            "54": [
                2791
            ],
            "55": [
                260
            ],
            "58": [
                1728
            ],
            "59": [
                2511
            ]
        },
        "chain_break_method": "majority_vote",
        "embedding_parameters": {},
        "chain_strength": 258.6529205969523
    }
}