{
    "config": "DI1000-4048.8113578882267s-1_A200",
    "num_vars": 51,
    "num_qubit": 68,
    "time_elapsed": 0.021999835968017578,
    "best_state": {
        "sample": [
            0,
            0,
            0,
            1,
            1,
            0,
            1,
            0,
            0,
            0,
            0,
            0,
            0,
            0,
            0,
            0,
            0,
            0,
            0,
            0,
            0,
            1,
            0,
            1,
            1,
            0,
            1,
            1,
            0,
            1,
            1,
            0,
            1,
            1,
            0,
            1,
            1,
            0,
            1,
            0,
            0,
            0,
            1,
            0,
            1,
            1,
            0,
            1,
            1,
            0,
            1
        ],
        "energy": -161928.0,
        "chain_break_fraction": 0.0
    },
    "chain_strength_prefactor": 0.25,
    "chain_strength": 4048.8113578882267,
    "max_chain_length": 4,
    "timing_info": {
        "qpu_sampling_time": 327500.0,
        "qpu_anneal_time_per_sample": 200.0,
        "qpu_readout_time_per_sample": 106.92,
        "qpu_access_time": 343427.57,
        "qpu_access_overhead_time": 730.43,
        "qpu_programming_time": 15927.57,
        "qpu_delay_time_per_sample": 20.58,
        "post_processing_overhead_time": 50.0,
        "total_post_processing_time": 50.0
    },
    "embedding_info": {
        "embedding": {
            "4": [
                2663,
                2678,
                4589,
                2664
            ],
            "3": [
                2633,
                4633,
                2632,
                4409
            ],
            "5": [
                2724,
                4619,
                2723
            ],
            "0": [
                4754,
                2648,
                2647,
                2649
            ],
            "1": [
                2694,
                2693,
                2692,
                4769
            ],
            "2": [
                4784,
                2618,
                2619,
                2617
            ],
            "6": [
                4468
            ],
            "7": [
                4514
            ],
            "8": [
                2677
            ],
            "9": [
                4634
            ],
            "10": [
                4648
            ],
            "11": [
                4364
            ],
            "12": [
                4529
            ],
            "13": [
                4469
            ],
            "14": [
                4574
            ],
            "15": [
                4559
            ],
            "16": [
                2679
            ],
            "17": [
                2725
            ],
            "18": [
                4483
            ],
            "19": [
                4663
            ],
            "20": [
                4544
            ],
            "21": [
                2662
            ],
            "22": [
                4334
            ],
            "23": [
                4259
            ],
            "24": [
                4439
            ],
            "25": [
                4394
            ],
            "26": [
                4424
            ],
            "27": [
                2588
            ],
            "28": [
                4303
            ],
            "29": [
                2589
            ],
            "30": [
                2559
            ],
            "31": [
                4318
            ],
            "32": [
                2560
            ],
            "33": [
                2574
            ],
            "34": [
                4739
            ],
            "35": [
                2575
            ],
            "36": [
                4499
            ],
            "37": [
                4678
            ],
            "38": [
                4498
            ],
            "39": [
                2634
            ],
            "40": [
                4724
            ],
            "41": [
                4709
            ],
            "42": [
                2603
            ],
            "43": [
                4604
            ],
            "44": [
                2604
            ],
            "45": [
                2708
            ],
            "46": [
                4349
            ],
            "47": [
                4379
            ],
            "48": [
                2709
            ],
            "49": [
                4694
            ],
            "50": [
                2710
            ]
        },
        "chain_break_method": "majority_vote",
        "embedding_parameters": {},
        "chain_strength": 4048.8113578882267
    }
}