{
    "config": "DI1000-1962.9678913646894s-1_A200",
    "num_vars": 87,
    "num_qubit": 152,
    "time_elapsed": 4.387316703796387,
    "best_state": {
        "sample": [
            0,
            0,
            1,
            0,
            1,
            1,
            0,
            0,
            1,
            1,
            0,
            0,
            0,
            0,
            0,
            1,
            1,
            1,
            0,
            0,
            0,
            1,
            1,
            1,
            0,
            1,
            0,
            1,
            0,
            1,
            1,
            1,
            1,
            0,
            1,
            1,
            0,
            0,
            0,
            0,
            1,
            0,
            0,
            0,
            1,
            1,
            0,
            0,
            0,
            1,
            0,
            0,
            0,
            1,
            0,
            0,
            1,
            0,
            0,
            0,
            0,
            0,
            0,
            0,
            0,
            0,
            0,
            0,
            1,
            1,
            1,
            0,
            0,
            0,
            1,
            1,
            1,
            0,
            1,
            0,
            0,
            0,
            1,
            1,
            0,
            0,
            0
        ],
        "energy": -119840.0,
        "chain_break_fraction": 0.011494252873563218
    },
    "chain_strength_prefactor": 0.25,
    "chain_strength": 1962.9678913646894,
    "max_chain_length": 10,
    "timing_info": {
        "qpu_sampling_time": 305700.0,
        "qpu_anneal_time_per_sample": 200.0,
        "qpu_readout_time_per_sample": 85.12,
        "qpu_access_time": 321460.37,
        "qpu_access_overhead_time": 1381.63,
        "qpu_programming_time": 15760.37,
        "qpu_delay_time_per_sample": 20.58,
        "post_processing_overhead_time": 28.0,
        "total_post_processing_time": 28.0
    },
    "embedding_info": {
        "embedding": {
            "4": [
                1216,
                3291,
                3290,
                3289,
                1215,
                1112,
                1217
            ],
            "3": [
                1066,
                3260,
                1067,
                3335,
                3259,
                3261,
                1065,
                3258
            ],
            "5": [
                1082,
                1081,
                1080,
                3305,
                3306,
                3185,
                3304,
                1083
            ],
            "0": [
                931,
                3229,
                3230,
                1171,
                1172,
                3501,
                3231,
                3228,
                1170,
                1051
            ],
            "6": [
                3336
            ],
            "7": [
                781
            ],
            "1": [
                1036,
                3245,
                1037,
                1096,
                1276,
                1095,
                3244,
                3246,
                1156
            ],
            "8": [
                1097
            ],
            "9": [
                3320
            ],
            "2": [
                1141,
                3275,
                3274,
                1140,
                3065,
                1142,
                3486,
                3470
            ],
            "10": [
                1006
            ],
            "11": [
                947
            ],
            "12": [
                917,
                916
            ],
            "13": [
                1277
            ],
            "14": [
                1127
            ],
            "15": [
                1261
            ],
            "16": [
                1246
            ],
            "17": [
                3125
            ],
            "18": [
                3380
            ],
            "19": [
                1113
            ],
            "20": [
                3395
            ],
            "22": [
                1157
            ],
            "21": [
                3440,
                3441
            ],
            "23": [
                1052
            ],
            "24": [
                3426
            ],
            "25": [
                1291
            ],
            "26": [
                932
            ],
            "27": [
                3351
            ],
            "29": [
                3199
            ],
            "28": [
                3109,
                975,
                3110
            ],
            "30": [
                901
            ],
            "31": [
                976
            ],
            "32": [
                1336
            ],
            "33": [
                796
            ],
            "34": [
                3140
            ],
            "36": [
                1005,
                3184
            ],
            "35": [
                991,
                990,
                3080
            ],
            "37": [
                3155
            ],
            "38": [
                3081
            ],
            "39": [
                1050
            ],
            "40": [
                3035
            ],
            "41": [
                3471
            ],
            "43": [
                3213,
                856
            ],
            "42": [
                3215,
                3214,
                3216
            ],
            "44": [
                1201
            ],
            "45": [
                1351,
                3307
            ],
            "46": [
                811
            ],
            "47": [
                841
            ],
            "48": [
                826
            ],
            "50": [
                3111
            ],
            "49": [
                3050,
                1200
            ],
            "51": [
                3096
            ],
            "52": [
                1185
            ],
            "53": [
                1231
            ],
            "54": [
                3365
            ],
            "55": [
                886
            ],
            "57": [
                1128
            ],
            "56": [
                3545,
                1187,
                1218
            ],
            "58": [
                3516,
                1263,
                1262
            ],
            "59": [
                3410
            ],
            "60": [
                3321
            ],
            "61": [
                1186
            ],
            "62": [
                3560
            ],
            "63": [
                871
            ],
            "64": [
                3126
            ],
            "65": [
                961
            ],
            "67": [
                3171
            ],
            "66": [
                1111,
                1110
            ],
            "68": [
                1126
            ],
            "69": [
                3200
            ],
            "70": [
                3095
            ],
            "71": [
                3005
            ],
            "72": [
                3141
            ],
            "74": [
                3485
            ],
            "73": [
                1022,
                3500
            ],
            "75": [
                3350
            ],
            "76": [
                3455
            ],
            "77": [
                3425
            ],
            "78": [
                2975
            ],
            "79": [
                1155
            ],