{
    "config": "DI1000-2345.535152479099s-1_A200",
    "num_vars": 66,
    "num_qubit": 114,
    "time_elapsed": 3.125013589859009,
    "best_state": {
        "sample": [
            1,
            1,
            1,
            1,
            1,
            1,
            0,
            0,
            0,
            0,
            0,
            0,
            0,
            0,
            0,
            0,
            0,
            0,
            0,
            0,
            0,
            0,
            0,
            0,
            0,
            0,
            0,
            0,
            0,
            0,
            0,
            0,
            0,
            0,
            1,
            0,
            0,
            0,
            1,
            1,
            1,
            0,
            0,
            0,
            1,
            0,
            0,
            0,
            0,
            0,
            1,
            0,
            1,
            0,
            0,
            0,
            0,
            1,
            0,
            1,
            0,
            0,
            0,
            1,
            1,
            0
        ],
        "energy": -90240.0,
        "chain_break_fraction": 0.09090909090909091
    },
    "chain_strength_prefactor": 0.25,
    "chain_strength": 2345.535152479099,
    "max_chain_length": 8,
    "timing_info": {
        "qpu_sampling_time": 339260.0,
        "qpu_anneal_time_per_sample": 200.0,
        "qpu_readout_time_per_sample": 118.68,
        "qpu_access_time": 355021.17,
        "qpu_access_overhead_time": 1602.83,
        "qpu_programming_time": 15761.17,
        "qpu_delay_time_per_sample": 20.58,
        "post_processing_overhead_time": 47.0,
        "total_post_processing_time": 47.0
    },
    "embedding_info": {
        "embedding": {
            "4": [
                2434,
                4048,
                2435,
                2432,
                2436,
                2433
            ],
            "3": [
                2510,
                3973,
                3972,
                2509,
                2508,
                2511
            ],
            "5": [
                3822,
                2419,
                2418,
                2417,
                3762,
                2360
            ],
            "0": [
                2465,
                2464,
                2463,
                2462,
                3732,
                2466,
                4122,
                3808
            ],
            "15": [
                4183
            ],
            "16": [
                3538
            ],
            "1": [
                2448,
                2449,
                2447,
                2450,
                4107,
                2451,
                4018
            ],
            "17": [
                3613
            ],
            "18": [
                3688
            ],
            "2": [
                4002,
                2405,
                2406,
                2404,
                4003,
                2403
            ],
            "19": [
                4213
            ],
            "20": [
                3987
            ],
            "21": [
                3402
            ],
            "22": [
                3552
            ],
            "23": [
                3868
            ],
            "24": [
                3658
            ],
            "25": [
                3433
            ],
            "26": [
                3508
            ],
            "27": [
                4228
            ],
            "28": [
                4092
            ],
            "29": [
                3747
            ],
            "30": [
                2585,
                2584
            ],
            "6": [
                3988,
                2555
            ],
            "31": [
                3838
            ],
            "32": [
                3823
            ],
            "33": [
                3478
            ],
            "34": [
                2346
            ],
            "7": [
                2315,
                4032,
                3927
            ],
            "35": [
                4033
            ],
            "36": [
                2314
            ],
            "37": [
                3597
            ],
            "38": [
                2391
            ],
            "8": [
                4063
            ],
            "39": [
                4078
            ],
            "40": [
                2376
            ],
            "41": [
                2361,
                4137
            ],
            "42": [
                3807,
                2374
            ],
            "9": [
                3718
            ],
            "43": [
                2494
            ],
            "44": [
                2479
            ],
            "45": [
                3657,
                2359
            ],
            "46": [
                3493
            ],
            "10": [
                2388,
                3523
            ],
            "47": [
                3582
            ],
            "48": [
                3567
            ],
            "49": [
                2344,
                3792
            ],
            "11": [
                3957,
                2345
            ],
            "50": [
                2480
            ],
            "51": [
                2390,
                2389
            ],
            "52": [
                2600
            ],
            "53": [
                4272
            ],
            "54": [
                3703
            ],
            "55": [
                2556
            ],
            "12": [
                4153,
                4152
            ],
            "56": [
                4168
            ],
            "57": [
                2526
            ],
            "58": [
                4243
            ],
            "59": [
                2495
            ],
            "13": [
                3883,
                2525
            ],
            "60": [
                3898
            ],
            "61": [
                3853
            ],
            "62": [
                3673
            ],
            "63": [
                2330,
                2331
            ],
            "14": [
                3942,
                2375
            ],
            "64": [
                2420
            ],
            "65": [
                3912
            ]
        },
        "chain_break_method": "majority_vote",
        "embedding_parameters": {},
        "chain_strength": 2345.535152479099
    }
}