{
    "config": "DI1000-2008.9766881010175s-1_A200",
    "num_vars": 60,
    "num_qubit": 112,
    "time_elapsed": 0.9895288944244385,
    "best_state": {
        "sample": [
            0,
            0,
            1,
            0,
            1,
            0,
            1,
            1,
            1,
            0,
            1,
            0,
            0,
            0,
            0,
            1,
            0,
            1,
            0,
            0,
            0,
            0,
            1,
            1,
            0,
            1,
            0,
            1,
            1,
            1,
            0,
            0,
            1,
            1,
            0,
            1,
            0,
            1,
            0,
            0,
            1,
            0,
            1,
            0,
            0,
            1,
            0,
            1,
            0,
            1,
            1,
            0,
            1,
            0,
            1,
            1,
            1,
            0,
            0,
            1
        ],
        "energy": -83264.0,
        "chain_break_fraction": 0.05
    },
    "chain_strength_prefactor": 0.25,
    "chain_strength": 2008.9766881010175,
    "max_chain_length": 8,
    "timing_info": {
        "qpu_sampling_time": 329860.0,
        "qpu_anneal_time_per_sample": 200.0,
        "qpu_readout_time_per_sample": 109.28,
        "qpu_access_time": 345787.97,
        "qpu_access_overhead_time": 2035.03,
        "qpu_programming_time": 15927.97,
        "qpu_delay_time_per_sample": 20.58,
        "post_processing_overhead_time": 42.0,
        "total_post_processing_time": 42.0
    },
    "embedding_info": {
        "embedding": {
            "4": [
                146,
                5100,
                5101,
                147,
                145,
                144
            ],
            "3": [
                193,
                5190,
                192,
                191,
                5265,
                190
            ],
            "5": [
                177,
                178,
                176,
                5175
            ],
            "0": [
                162,
                223,
                5250,
                161,
                5205,
                160,
                159
            ],
            "6": [
                4995,
                326
            ],
            "7": [
                4980
            ],
            "1": [
                5145,
                116,
                117,
                118,
                115,
                114,
                5146
            ],
            "8": [
                4905
            ],
            "9": [
                222
            ],
            "2": [
                42,
                102,
                41,
                40,
                43,
                5310,
                5311,
                208
            ],
            "10": [
                4920
            ],
            "11": [
                297,
                296
            ],
            "12": [
                5010,
                251
            ],
            "13": [
                266
            ],
            "14": [
                281,
                282
            ],
            "15": [
                5130
            ],
            "16": [
                4680
            ],
            "17": [
                5415
            ],
            "18": [
                5340
            ],
            "19": [
                4770
            ],
            "20": [
                327,
                328
            ],
            "22": [
                5430,
                224
            ],
            "21": [
                132,
                133
            ],
            "23": [
                4875
            ],
            "24": [
                4695
            ],
            "26": [
                237
            ],
            "25": [
                5070
            ],
            "27": [
                207
            ],
            "28": [
                5055
            ],
            "30": [
                252
            ],
            "29": [
                5220
            ],
            "31": [
                5355
            ],
            "32": [
                4590,
                39
            ],
            "34": [
                267
            ],
            "33": [
                5235
            ],
            "35": [
                238
            ],
            "36": [
                5370
            ],
            "38": [
                5295
            ],
            "37": [
                5280
            ],
            "39": [
                4890
            ],
            "40": [
                4860,
                175
            ],
            "42": [
                5326
            ],
            "41": [
                312,
                313,
                311
            ],
            "43": [
                5400,
                148
            ],
            "44": [
                163
            ],
            "45": [
                4755
            ],
            "46": [
                372,
                373
            ],
            "47": [
                5475,
                44
            ],
            "49": [
                100,
                4935
            ],
            "48": [
                101,
                5085
            ],
            "50": [
                4785
            ],
            "51": [
                4740
            ],
            "53": [
                57
            ],
            "52": [
                56,
                4950
            ],
            "54": [
                4965
            ],
            "55": [
                5445,
                209
            ],
            "57": [
                86,
                87
            ],
            "56": [
                5115
            ],
            "58": [
                387,
                388
            ],
            "59": [
                5325
            ]
        },
        "chain_break_method": "majority_vote",
        "embedding_parameters": {},
        "chain_strength": 2008.9766881010175
    }
}