{
    "config": "DI1000-1962.9678913646894s-1_A200",
    "num_vars": 87,
    "num_qubit": 130,
    "time_elapsed": 0.03565692901611328,
    "best_state": {
        "sample": [
            0,
            1,
            1,
            1,
            0,
            1,
            0,
            0,
            0,
            0,
            1,
            1,
            0,
            0,
            0,
            1,
            1,
            0,
            0,
            0,
            1,
            0,
            1,
            0,
            0,
            1,
            0,
            1,
            1,
            1,
            0,
            0,
            0,
            1,
            0,
            1,
            0,
            0,
            1,
            0,
            0,
            0,
            1,
            1,
            0,
            0,
            0,
            1,
            1,
            0,
            1,
            1,
            1,
            1,
            0,
            0,
            1,
            0,
            0,
            0,
            0,
            0,
            1,
            1,
            0,
            0,
            0,
            0,
            0,
            1,
            1,
            1,
            0,
            1,
            0,
            0,
            0,
            0,
            0,
            0,
            1,
            0,
            0,
            0,
            0,
            0,
            0
        ],
        "energy": -92484.0,
        "chain_break_fraction": 0.06896551724137931
    },
    "chain_strength_prefactor": 0.25,
    "chain_strength": 1962.9678913646894,
    "max_chain_length": 8,
    "timing_info": {
        "qpu_sampling_time": 282300.0,
        "qpu_anneal_time_per_sample": 200.0,
        "qpu_readout_time_per_sample": 61.72,
        "qpu_access_time": 298226.77,
        "qpu_access_overhead_time": 9313.23,
        "qpu_programming_time": 15926.77,
        "qpu_delay_time_per_sample": 20.58,
        "post_processing_overhead_time": 173.0,
        "total_post_processing_time": 173.0
    },
    "embedding_info": {
        "embedding": {
            "4": [
                3916,
                454,
                3917,
                244,
                453,
                3915,
                452
            ],
            "3": [
                3932,
                394,
                395,
                3931,
                3781,
                3930,
                396,
                3933
            ],
            "5": [
                3977,
                3976,
                3978,
                485,
                484,
                483,
                482,
                3975
            ],
            "0": [
                3992,
                500,
                3991,
                499,
                498,
                3887,
                3888
            ],
            "6": [
                3782
            ],
            "7": [
                695
            ],
            "1": [
                3901,
                3902,
                469,
                468,
                467,
                3900,
                259,
                305
            ],
            "8": [
                3780
            ],
            "9": [
                215
            ],
            "2": [
                410,
                3946,
                3945,
                409,
                3947,
                408,
                3826
            ],
            "10": [
                320
            ],
            "11": [
                635
            ],
            "12": [
                3617
            ],
            "13": [
                3437
            ],
            "14": [
                3766
            ],
            "15": [
                680
            ],
            "16": [
                619
            ],
            "17": [
                3632
            ],
            "18": [
                3662
            ],
            "19": [
                3571
            ],
            "20": [
                290
            ],
            "22": [
                560
            ],
            "21": [
                3842
            ],
            "23": [
                424
            ],
            "24": [
                3857
            ],
            "25": [
                665
            ],
            "26": [
                3736
            ],
            "27": [
                649
            ],
            "29": [
                3873,
                634
            ],
            "28": [
                740,
                3903
            ],
            "30": [
                725
            ],
            "31": [
                710
            ],
            "32": [
                439
            ],
            "33": [
                605
            ],
            "34": [
                3797
            ],
            "36": [
                350
            ],
            "35": [
                335
            ],
            "37": [
                4006
            ],
            "38": [
                3886
            ],
            "39": [
                620
            ],
            "40": [
                3751
            ],
            "41": [
                3541
            ],
            "43": [
                470
            ],
            "42": [
                455
            ],
            "44": [
                4022
            ],
            "45": [
                4037
            ],
            "46": [
                411
            ],
            "47": [
                425
            ],
            "48": [
                440
            ],
            "50": [
                515
            ],
            "49": [
                3872
            ],
            "51": [
                530
            ],
            "52": [
                545
            ],
            "53": [
                604
            ],
            "54": [
                3586
            ],
            "55": [
                3527
            ],
            "57": [
                3827
            ],
            "56": [
                575
            ],
            "58": [
                3812
            ],
            "59": [
                3962
            ],
            "60": [
                3707
            ],
            "61": [
                3602
            ],
            "62": [
                275
            ],
            "63": [
                260
            ],
            "64": [
                3825
            ],
            "65": [
                3556
            ],
            "67": [
                3856,
                319
            ],
            "66": [
                289
            ],
            "68": [
                274
            ],
            "69": [
                3750
            ],
            "70": [
                155
            ],
            "71": [
                590
            ],
            "72": [
                3512
            ],
            "74": [
                185
            ],
            "73": [
                230,
                3960
            ],
            "75": [
                200
            ],
            "76": [
                170
            ],
            "77": [
                304
            ],
            "78": [
                3692
            ],
            "79": [
                3497
            ],
            "81": [
                380
            ],
            "80": [
                365
            ],
            "82": [
                3841
            ],
            "83": [
                3961
            ],
            "84": [
                3721
            ],
            "85": [
                3391
            ],
            "86": [
                3482
            ]
        },
        "chain_break_method": "majority_vote",
        "embedding_parameters": {},