{
    "config": "DI1000-2328.3694222924905s-1_A200",
    "num_vars": 48,
    "num_qubit": 78,
    "time_elapsed": 1.2110300064086914,
    "best_state": {
        "sample": [
            1,
            1,
            1,
            1,
            0,
            1,
            0,
            0,
            1,
            0,
            1,
            1,
            1,
            0,
            1,
            0,
            0,
            0,
            0,
            0,
            0,
            0,
            1,
            1,
            0,
            1,
            0,
            0,
            0,
            0,
            1,
            1,
            0,
            0,
            0,
            1,
            0,
            0,
            0,
            0,
            0,
            0,
            0,
            0,
            0,
            0,
            0,
            0
        ],
        "energy": -77152.0,
        "chain_break_fraction": 0.10416666666666667
    },
    "chain_strength_prefactor": 0.25,
    "chain_strength": 2328.3694222924905,
    "max_chain_length": 5,
    "timing_info": {
        "qpu_sampling_time": 281500.0,
        "qpu_anneal_time_per_sample": 200.0,
        "qpu_readout_time_per_sample": 60.92,
        "qpu_access_time": 297261.97,
        "qpu_access_overhead_time": 1589.03,
        "qpu_programming_time": 15761.97,
        "qpu_delay_time_per_sample": 20.58,
        "post_processing_overhead_time": 1.0,
        "total_post_processing_time": 1.0
    },
    "embedding_info": {
        "embedding": {
            "4": [
                3399,
                1937,
                3355,
                1936
            ],
            "3": [
                2012,
                3444,
                3445,
                1847
            ],
            "5": [
                3460,
                3461,
                3459,
                1907,
                1906
            ],
            "0": [
                1967,
                1966,
                3505,
                3506
            ],
            "15": [
                3280,
                3279
            ],
            "16": [
                1848
            ],
            "1": [
                1922,
                1921,
                3475,
                3474,
                3476
            ],
            "17": [
                1802,
                1803
            ],
            "18": [
                1727
            ],
            "2": [
                3430,
                1832,
                3429,
                3431,
                2027
            ],
            "19": [
                3356
            ],
            "20": [
                1742
            ],
            "21": [
                1862
            ],
            "22": [
                3234
            ],
            "23": [
                3384
            ],
            "24": [
                2117,
                3385
            ],
            "25": [
                3265
            ],
            "26": [
                2072
            ],
            "27": [
                1952
            ],
            "28": [
                3400
            ],
            "29": [
                2087
            ],
            "30": [
                3160
            ],
            "6": [
                1846,
                3175
            ],
            "31": [
                3250
            ],
            "32": [
                2028
            ],
            "7": [
                2013
            ],
            "33": [
                2178
            ],
            "34": [
                1998,
                1997
            ],
            "8": [
                3340
            ],
            "35": [
                3370,
                1982
            ],
            "36": [
                2132
            ],
            "9": [
                2147,
                3446
            ],
            "37": [
                1892
            ],
            "38": [
                1983
            ],
            "10": [
                3490
            ],
            "39": [
                3310,
                3311
            ],
            "11": [
                3325
            ],
            "40": [
                1757
            ],
            "41": [
                1787
            ],
            "42": [
                1818,
                1817
            ],
            "43": [
                1877
            ],
            "12": [
                3414
            ],
            "44": [
                3295
            ],
            "45": [
                2042
            ],
            "13": [
                2057
            ],
            "46": [
                1712
            ],
            "47": [
                1772
            ],
            "14": [
                3369
            ]
        },
        "chain_break_method": "majority_vote",
        "embedding_parameters": {},
        "chain_strength": 2328.3694222924905
    }
}