{
    "config": "DI1000-2008.9766881010175s-1_A200",
    "num_vars": 60,
    "num_qubit": 85,
    "time_elapsed": 0.021010637283325195,
    "best_state": {
        "sample": [
            1,
            1,
            1,
            1,
            1,
            1,
            1,
            1,
            0,
            0,
            0,
            0,
            0,
            0,
            0,
            0,
            0,
            0,
            1,
            0,
            0,
            0,
            0,
            0,
            0,
            0,
            1,
            0,
            0,
            0,
            0,
            0,
            0,
            0,
            0,
            0,
            0,
            0,
            0,
            0,
            0,
            0,
            0,
            0,
            0,
            0,
            1,
            0,
            1,
            1,
            0,
            1,
            0,
            0,
            0,
            0,
            0,
            1,
            1,
            0
        ],
        "energy": -65408.0,
        "chain_break_fraction": 0.08333333333333333
    },
    "chain_strength_prefactor": 0.25,
    "chain_strength": 2008.9766881010175,
    "max_chain_length": 6,
    "timing_info": {
        "qpu_sampling_time": 303500.0,
        "qpu_anneal_time_per_sample": 200.0,
        "qpu_readout_time_per_sample": 82.92,
        "qpu_access_time": 319427.57,
        "qpu_access_overhead_time": 1002.43,
        "qpu_programming_time": 15927.57,
        "qpu_delay_time_per_sample": 20.58,
        "post_processing_overhead_time": 19.0,
        "total_post_processing_time": 19.0
    },
    "embedding_info": {
        "embedding": {
            "4": [
                475,
                476,
                4877,
                474
            ],
            "3": [
                445,
                4996,
                446,
                447,
                4997
            ],
            "5": [
                536,
                5027,
                537,
                538,
                535
            ],
            "0": [
                461,
                5042,
                462,
                460,
                5043
            ],
            "6": [
                5161
            ],
            "7": [
                671
            ],
            "1": [
                521,
                5012,
                520,
                4847,
                522,
                523
            ],
            "8": [
                5117
            ],
            "9": [
                4982
            ],
            "2": [
                4862,
                491,
                492,
                490,
                493
            ],
            "10": [
                5176
            ],
            "11": [
                5282
            ],
            "12": [
                4952
            ],
            "13": [
                5147
            ],
            "14": [
                4787
            ],
            "15": [
                686
            ],
            "16": [
                5072
            ],
            "17": [
                5267
            ],
            "18": [
                5356
            ],
            "19": [
                5087
            ],
            "20": [
                5252
            ],
            "22": [
                566
            ],
            "21": [
                4967
            ],
            "23": [
                5297
            ],
            "24": [
                5011
            ],
            "26": [
                581
            ],
            "25": [
                596
            ],
            "27": [
                551
            ],
            "28": [
                656
            ],
            "30": [
                4831
            ],
            "29": [
                4846
            ],
            "31": [
                5191
            ],
            "32": [
                5026
            ],
            "34": [
                506
            ],
            "33": [
                5102
            ],
            "35": [
                5206
            ],
            "36": [
                5222
            ],
            "38": [
                611
            ],
            "37": [
                5057
            ],
            "39": [
                4907
            ],
            "40": [
                641
            ],
            "42": [
                4937
            ],
            "41": [
                4922
            ],
            "43": [
                4981
            ],
            "44": [
                5237
            ],
            "45": [
                5327
            ],
            "46": [
                580
            ],
            "47": [
                5402
            ],
            "49": [
                610
            ],
            "48": [
                625
            ],
            "50": [
                5132
            ],
            "51": [
                595
            ],
            "53": [
                5477
            ],
            "52": [
                5462,
                448
            ],
            "54": [
                5312
            ],
            "55": [
                5447
            ],
            "57": [
                550
            ],
            "56": [
                4772
            ],
            "58": [
                565
            ],
            "59": [
                5417
            ]
        },
        "chain_break_method": "majority_vote",
        "embedding_parameters": {},
        "chain_strength": 2008.9766881010175
    }
}